{
    "base": {
        "batch_size": 16,
        "early_stopping_patience": 30,
        "epochs": 3,
        "experiment": "ai4eosc",
        "experiment_name": "test",
        "healthy_data_path": "/home/ai4eosc_uc2/data/images/dataset1/healthy/images",
        "image_size": 512,
        "is_mlflow": false,
        "is_tensorboard": true,
        "learning_rate": 0.001,
        "mlflow": false,
        "mlflow_params": "Test",
        "reduce_lr_factor": 0.4,
        "reduce_lr_patience": 8,
        "seed": 0,
        "shuffle": false,
        "sick_data_path": "/home/ai4eosc_uc2/data/images/dataset1/sick/images",
        "tensorboard": true,
        "use_preprocess_model": ""
    },
    "constants": {
        "channels": [
            32,
            64,
            128,
            256
        ],
        "images_directory": "data/images",
        "num_workers": 0
    },
    "general": {
        "base_directory": "."
    },
    "testing": {
        "ckpt_name": "model_0025.pt",
        "timestamp": null
    }
}